id,event,date,source,headline,type,sentiment_label,gemini_collective_sentiment,gemini_collective_reason,gemini_individual_sentiment,gemini_individual_reason,finbert_sentiment
,SVB Collapse,2023-03-10,WSJ,"Silicon Valley Bank Closed by Regulators, FDIC Takes Control",Agreement,Negative,-0.700,"Major bank closure sparks fear, but FDIC control may mitigate panic.",-0.675,"The failure of a major regional bank raises concerns about financial system stability, triggers panic among investors, and may lead to broader market sell-offs due to fears of contagion or a liquidity crisis.",-0.5977226924151182
,SVB Collapse,2023-03-10,WSJ,Bets Against Banks Surge,Agreement,Negative,-0.580,Increased bets against banks signal investor concern and risk aversion.,-0.350,"A surge in bets against banks, such as through short positions or credit default swaps, signals growing investor concern about the banking sector's stability. This could reflect fears of regulatory issues, loan defaults, or broader economic stress, which may spillover into the broader market and dampen investor sentiment.",-0.10228981450200081
,SVB Collapse,2023-03-10,WSJ,SVB Stock Halted After Sharp Selloff; Bank Exploring Possible Sale,Agreement,Negative,-0.420,"Halted stock and selloff are negative, but possible sale offers slight hope.",-0.450,"The sharp selloff and trading halt of SVB (Silicon Valley Bank) signal significant distress at a major regional bank, raising concerns about liquidity, solvency, and broader banking sector stability. This could spook investors and lead to risk-off behavior in the broader market, especially if contagion risks are perceived.",-0.7195019982755184
,SVB Collapse,2023-03-10,WSJ,Signature Bank Is Shut by Regulators After SVB Collapse,Agreement,Negative,-0.750,Additional bank failure increases contagion fears.,-0.675,"The closure of another regional bank following the collapse of Silicon Valley Bank (SVB) signals spreading instability in the banking sector, which can trigger panic, liquidity concerns, and a flight to safety, negatively impacting investor confidence in the broader market.",-0.8575405469164252
,SVB Collapse,2023-03-10,CNN,Silicon Valley Bank collapse sparks contagion fears,Agreement,Negative,-0.680,Contagion fears lead to broader market panic.,-0.675,"The collapse of a major regional bank raises concerns about systemic risk and financial stability, which can trigger panic, prompt regulatory scrutiny, and lead to a flight to safety, all of which typically depress broad equity markets like the S&P 500 in the short term.",-0.9156278660520911
,SVB Collapse,2023-03-10,CNN,Silicon Valley Bank collapse has echoes of 2008. Here’s why things are different this time,Agreement,Negative,-0.320,Mixed signals; mentions 2008 but suggests differences.,-0.450,"The collapse of a major bank, even if contextualized as different from 2008, introduces immediate uncertainty and risk-off sentiment. While the article may provide reassurance, the headline itself highlights instability in the financial system, which tends to spook investors in the short term.",-0.0949980728328228
,SVB Collapse,2023-03-10,The Guardian,Why did Silicon Valley Bank fail?,Agreement,Negative,-0.180,"Slightly negative due to failure context, but explanatory tone.",-0.450,"The failure of a major regional bank raises concerns about financial system stability, regulatory oversight, and potential contagion effects, which can trigger risk-off behavior and short-term market sell-offs.",-0.4303772058337927
,SVB Collapse,2023-03-10,The Guardian,Silicon Valley Bank fails in largest bank collapse since 2008 crisis,Agreement,Negative,-0.720,Significant event with historical comparison.,-0.675,"A major bank failure, especially one of this magnitude since the 2008 crisis, raises concerns about financial system stability, triggers risk-off behavior, and could lead to broader market panic or regulatory uncertainty, negatively impacting investor confidence in the short term.",-0.9367310116067529
,SVB Collapse,2023-03-10,Yahoo Finance,SVB collapse highlights $620 billion hole lurking in banks’ balance sheets,Agreement,Negative,-0.850,Reveals major financial instability in banking sector.,-0.625,"The reference to a major bank's collapse and a large hidden liability in banking balance sheets signals systemic risk concerns, which can trigger broad market sell-offs as investors worry about contagion, regulatory responses, and potential credit market disruptions.",-0.9356852890923619
,SVB Collapse,2023-03-11,CNBC,"Dow closes more than 300 points lower, posts worst week since June as Silicon Valley Bank collapse sparks selloff: Live updates",Agreement,Negative,-0.780,Market already reacting negatively to the collapse.,-0.675,"A significant drop in the Dow and a major bank collapse signal financial instability and erode investor confidence, likely triggering broader market panic and risk-off behavior across the S&P 500.",-0.9240357233211398
,SVB Collapse,2023-03-11,CNN,Takeaways from America’s second-largest bank failure,Agreement,Negative,-0.500,Major failure impacts investor confidence.,-0.625,"A major bank failure signals systemic risk, undermines confidence in the financial sector, and could trigger broader market sell-offs due to fears of contagion, regulatory uncertainty, and potential economic instability.",0.05857311189174652
,SVB Collapse,2023-03-11,The Guardian,Silicon Valley Bank chief pressed Congress to weaken risk regulations,Agreement,Negative,-0.460,Indicates systemic issues and blame.,-0.150,"The request to weaken risk regulations could raise concerns about financial stability and regulatory oversight, potentially undermining investor confidence in the banking sector and spilling over to broader market sentiment. However, the direct impact on the overall market is limited unless regulatory changes become widespread or lead to systemic risks.",0.25795719772577286
,SVB Collapse,2023-03-11,Yahoo Finance,Thiel’s Founders Fund Withdrew Millions From Silicon Valley Bank,Agreement,Negative,-0.540,Significant withdrawal signals loss of confidence.,-0.425,"The withdrawal of a major investor like Peter Thiel’s Founders Fund signals a loss of confidence in a regional bank, which can trigger broader concerns about financial stability and contagion risks, especially in the tech sector and among smaller banks. Such actions may lead to increased market volatility and risk-off behavior in the short term.",-0.5558018386363983
,SVB Collapse,2023-03-12,CNN,US banks sitting on unrealized losses of $620 billion,Agreement,Negative,-0.890,Huge potential losses alarm investors.,-0.450,"Large unrealized losses on bank balance sheets signal potential future earnings pressure and financial instability, which could erode investor confidence in the banking sector and raise concerns about broader systemic risk in the financial system.",-0.9548342889174819
,SVB Collapse,2023-03-12,The Guardian,"US guarantees all deposits after Silicon Valley Bank collapse, as Biden promises action",Agreement,Negative,+0.510,Government intervention reassures investors.,+0.350,"The government's intervention to guarantee all deposits at the failed bank helps restore short-term confidence in the banking system, reducing panic and the risk of a broader banking crisis. While it introduces concerns about moral hazard, the immediate effect is likely a modest boost to market sentiment.",0.11700844205915928
,SVB Collapse,2023-03-12,Yahoo Finance,The first social media bank run? A newsletter popular with VCs may have been the domino that started the Silicon Valley Bank implosion,Agreement,Negative,-0.400,"Suggests new, widespread issues.",-0.450,"The headline highlights a potential trigger for a regional bank failure, raising concerns about financial system stability and the role of social media in accelerating panic. While the event is specific to a single institution, it could spillover into broader market anxiety about liquidity risks, regulatory oversight, and contagion effects, especially in the tech and venture capital sectors.",-0.055584682151675224
,SVB Collapse,2023-03-12,Yahoo Finance,Regulators seize Signature Bank in third-largest US bank failure,Agreement,Negative,-0.770,Another major bank seizure increases fear.,-0.675,"The seizure of a major bank signals systemic risk and erodes investor confidence in the banking sector, which can trigger broader market sell-offs as fears of contagion and financial instability rise.",-0.808402119204402
,SVB Collapse,2023-03-13,The Guardian,Silicon Valley Bank: why did it collapse and is this the start of a banking crisis?,Agreement,Negative,-0.630,Questions about a broader crisis alarm investors.,-0.675,"The collapse of a major regional bank raises concerns about systemic risk, regulatory oversight, and potential contagion effects, which can trigger panic and risk-off behavior across the broader market, especially in the financial sector.",-0.6145807504653931
,SVB Collapse,2023-03-13,CNN,Chinese companies and founders rush to calm investors after SVB collapse,Agreement,Negative,-0.300,Reassurance efforts amidst negative context.,-0.350,"The SVB collapse signals instability in the banking sector, which can trigger broader market anxiety. The fact that Chinese companies and founders are also reacting suggests global spillover effects and growing concern about liquidity and financial system risks, which may lead to risk-off behavior in the U.S. equity market.",-0.4824904501438141
,SVB Collapse,2023-03-13,CNN,‘Absolutely idiotic’. SVB insider says employees are angry with CEO,Agreement,Negative,-0.280,Internal issues suggest poor management.,-0.150,"Internal discord at a major financial institution like Silicon Valley Bank (SVB) can raise concerns about leadership and governance, potentially affecting investor confidence. While this headline does not directly signal a broad market risk, it may contribute to a negative sentiment around financial sector stability, which could have a mild drag on the overall market.",-0.9394472893327475
,SVB Collapse,2023-03-13,The Guardian,Silicon Valley Bank: global banking shares slide as fallout spreads,Agreement,Negative,-0.650,Global impact on banking shares is negative.,-0.575,"The collapse or severe distress of a major regional bank like Silicon Valley Bank (SVB) raises concerns about broader financial system stability, triggering risk-off behavior and prompting investors to reassess credit risk and liquidity across the banking sector, which can spill over into the broader market.",-0.958957455586642
,SVB Collapse,2023-03-13,Yahoo Finance,"Silicon Valley Bank implosion shows why FDIC insurance is so important. Here’s how it works, and how it could be the key to protecting your money",Agreement,Negative,+0.350,Highlights reassurance through FDIC protection.,-0.450,"The reference to the collapse of Silicon Valley Bank signals a banking sector stress event, which can trigger broader concerns about financial system stability and contagion risks. While the focus is on FDIC protection for individual depositors, the headline still highlights a negative event that may dampen investor confidence in the short term.",0.033064745366573334
,SVB Collapse,2023-03-14,CNBC,Dow falls for a fifth day despite emergency backstop of Silicon Valley Bank,Agreement,Negative,-0.560,Market continues to fall despite measures.,-0.475,"A prolonged decline in the Dow signals growing investor anxiety, and the failure of a major regional bank, even with a government backstop, raises concerns about broader financial system stability and potential contagion risks. This undermines confidence in the banking sector and the overall economy.",-0.8657684028148651
,SVB Collapse,2023-03-14,WSJ,Investor Fear Hits Fever Pitch After Silicon Valley Bank Failure,Agreement,Negative,-0.700,High fear levels indicate negative market sentiment.,-0.675,"The failure of a major regional bank like Silicon Valley Bank can trigger widespread panic and liquidity concerns, especially if it raises fears of a broader banking sector crisis. This leads to risk-off behavior, flight to safety, and downward pressure on the broad equity market in the short term.",-0.551022544503212
,Russia's invasion of Ukraine,2022-02-23,BBC,Russia-Ukraine crisis: How likely is it to escalate into broader war?,Agreement,Negative,-0.450,Uncertainty about broader war escalates geopolitical risk.,-0.350,"Geopolitical tensions, especially involving major economies like Russia and Ukraine, introduce uncertainty and risk aversion in global markets. While the headline does not confirm escalation, the mere question of potential war raises concerns about energy prices, supply chains, and economic instability, which typically weigh on investor sentiment in the short term.",-0.5221319496631622
,Russia's invasion of Ukraine,2022-02-24,Reuters,Insight: NATO leaves Black Sea exposed as Russia invades Ukraine,Agreement,Negative,-0.530,Perceived lack of NATO action increases instability fears.,-0.425,"Geopolitical tensions, particularly involving major powers like Russia and NATO, tend to increase market uncertainty and risk-off sentiment. The Black Sea region is strategically and economically significant, and perceived vulnerabilities could raise concerns about energy security, trade disruptions, and potential escalation, negatively impacting investor confidence in the short term.",-0.5340595245361328
,Russia's invasion of Ukraine,2022-02-24,Reuters,Mondelez CEO says will close plants in Ukraine if situation becomes 'too dangerous',Agreement,Negative,-0.310,Supply chain concerns from plant closures.,-0.125,"The statement reflects ongoing uncertainty and risk in Ukraine, which could signal broader geopolitical instability. While the impact is limited to a specific region and company, it may contribute to a cautious market sentiment, particularly if it raises concerns about global supply chains or corporate confidence in Eastern Europe.",-0.9361409051343799
,Russia's invasion of Ukraine,2022-02-24,Reuters,"Russia has launched full-scale invasion of Ukraine, Kyiv says",Agreement,Negative,-0.750,Significant escalation causing market panic.,-0.675,"A major geopolitical conflict increases global uncertainty, disrupts energy and commodity markets, and raises the risk of broader economic sanctions and instability, all of which typically lead to market sell-offs and risk-off investor behavior.",-0.41309699788689613
,Russia's invasion of Ukraine,2022-02-24,BBC,Ukraine conflict: Russian forces attack from three sides,Agreement,Negative,-0.620,Intensified conflict worsens market sentiment.,-0.425,"Escalation in the Ukraine conflict raises geopolitical tensions, which can lead to increased market volatility and risk-off sentiment as investors seek safer assets, though the direct economic impact on the U.S. market may be moderate unless the conflict significantly disrupts global energy or supply chains.",-0.5705615170300007
,Russia's invasion of Ukraine,2022-02-24,BBC,"Ukraine conflict world reaction: Sanctions, refugees and fears of war",Agreement,Negative,-0.680,Sanctions and fear impact investor sentiment.,-0.425,"Geopolitical tensions and the prospect of a prolonged conflict raise uncertainty, which typically leads to risk-off behavior among investors. Sanctions and refugee crises can also signal broader economic instability, negatively affecting global growth expectations and investor sentiment.",-0.11115197837352753
,Russia's invasion of Ukraine,2022-02-24,BBC,Ukraine conflict: Why Biden won't send troops to Ukraine,Agreement,Negative,+0.120,Avoiding direct involvement eases some tensions.,-0.150,"The decision not to send U.S. troops may be seen as a reduction in direct military escalation, which could lower geopolitical risk in the short term. However, it may also be interpreted as a sign of limited U.S. commitment to supporting Ukraine, potentially raising concerns about prolonged conflict and its economic ripple effects, including energy prices and global supply chains.",-0.21550843864679337
,Russia's invasion of Ukraine,2022-02-24,BBC,"Russia attack on Ukraine catastrophe for Europe, say Boris Johnson",Agreement,Negative,-0.720,Severe consequences indicated by a leader.,-0.450,"Geopolitical tensions between major global powers typically increase market uncertainty and risk-off sentiment. A conflict of this scale could disrupt energy supplies, affect global trade, and lead to economic sanctions, all of which may negatively impact the broader market in the short term.",-0.07432477176189423
,Russia's invasion of Ukraine,2022-02-24,BBC,"Ukraine and Russia 'war': Nigeria, Ghana students dey in 'panic mode' afta Vladimir Putin order military operation",Agreement,Negative,-0.400,Global concern affects sentiment.,-0.150,"The headline references a military escalation involving Russia and Ukraine, which typically introduces geopolitical risk and uncertainty—factors that can dampen investor sentiment in the short term. While the focus on students in Nigeria and Ghana may seem tangential, the mention of Putin ordering a military operation is enough to signal potential global market jitters. However, the informal language and limited context reduce the clarity and immediacy of the impact on the U.S. market.",-0.5594621077179909
,Russia's invasion of Ukraine,2022-02-24,WSJ,Russia Begins Military Operation in Ukraine,Agreement,Negative,-0.580,Military action negatively impacts markets.,-0.450,"Escalation of geopolitical conflict typically increases market volatility and investor risk aversion. While not directly impacting the U.S. economy, such events often lead to short-term selling in equities as investors seek safer assets.",-0.020729966461658478
,Russia's invasion of Ukraine,2022-02-24,WSJ,Ukraine Invasion Is Putin’s Most Aggressive Move Yet to Restore Russia’s Place in the World,Agreement,Negative,-0.640,Aggressive moves increase instability.,-0.425,"Geopolitical tensions, particularly involving major powers like Russia, tend to increase market uncertainty and risk-off sentiment. While the headline is more analytical than a direct escalation report, it signals ongoing conflict and potential for further instability, which typically weighs on investor confidence in the short term.",0.6285119988024235
,Russia's invasion of Ukraine,2022-02-24,WSJ,War on Ukraine Ends Europe’s Dream of Russia as a Friend,Agreement,Negative,-0.690,Long-term tensions hurt market outlook.,-0.350,"The headline signals ongoing geopolitical tension and a breakdown in European-Russia relations, which increases uncertainty and risks for global markets. While not directly tied to the U.S. economy, heightened geopolitical risk tends to weigh on investor sentiment and may lead to flight-to-safety behavior, negatively impacting equities.",-0.25875743478536606
,Russia's invasion of Ukraine,2022-02-24,WSJ,Oil Prices Surge Above $100 a Barrel After Russia Invades Ukraine,Agreement,Negative,-0.560,Higher oil prices lead to inflation fears.,-0.475,"A sharp rise in oil prices due to geopolitical tensions increases input costs for businesses and consumers, potentially slowing economic growth and reducing corporate profits. Higher energy prices are typically bearish for the broad market, especially in a context of inflationary pressures.",0.6227038204669952
,Russia's invasion of Ukraine,2022-02-25,Reuters,Activist Thunberg protests against Ukraine invasion outside Russian embassy in Stockholm,Agreement,Negative,-0.110,Protests show global opposition.,-0.050,"While the headline reflects geopolitical tensions and moral outrage, it is unlikely to have a direct or immediate impact on the U.S. stock market. However, ongoing conflict in Ukraine generally introduces uncertainty, which can slightly dampen investor sentiment. The protest itself is symbolic and does not signal a new development in the war or sanctions, so the market impact is minimal.",-0.8442803137004375
,Russia's invasion of Ukraine,2022-02-25,Reuters,Investors rush to money market funds in days before Russia's Ukraine invasion,Agreement,Negative,-0.470,Risk aversion as investors seek safety.,-0.625,"The headline signals heightened risk aversion and market uncertainty as investors flee equities for safer assets ahead of a major geopolitical event. This behavior typically reflects declining confidence in the broader market, leading to short-term equity sell-offs.",0.04393455758690834
,Russia's invasion of Ukraine,2022-02-25,Reuters,Canadian liquor stores remove Russian vodka from shelves after Ukraine invasion,Agreement,Negative,-0.200,Symbolic economic backlash.,-0.150,"The headline reflects geopolitical tensions following the Ukraine invasion, which can create uncertainty and negatively affect investor sentiment. While the direct economic impact is limited, such actions may signal broader sanctions or trade disruptions, which typically weigh on market confidence in the short term.",-0.9186777248978615
,Russia's invasion of Ukraine,2022-02-25,Reuters,Philip Morris suspends Ukraine operations after Russian invasion,Agreement,Negative,-0.300,Supply chain impacts from suspension.,-0.150,"The suspension of operations by a major multinational corporation in a conflict zone signals ongoing geopolitical instability and economic disruption. While the direct impact on the broad U.S. market is limited, such news can contribute to a risk-off sentiment, especially if it suggests broader business retreats or prolonged conflict, which could affect global supply chains and investor confidence.",-0.7628691177815199
,Russia's invasion of Ukraine,2022-02-25,The Guardian,Russian forces tighten hold on Kyiv in attempt to topple government,Agreement,Negative,-0.780,Escalation in the capital is concerning.,-0.450,"Escalating military conflict in Ukraine raises geopolitical tensions, which typically spurs risk-off behavior among investors. This can lead to broad market sell-offs as uncertainty increases and global economic stability is called into question.",-0.7925382442772388
,Russia's invasion of Ukraine,2022-02-25,WSJ,Ukrainian Capital Rocked by Explosions as Russia Intensifies Attack,Agreement,Negative,-0.670,Intensified attacks worsen sentiment.,-0.350,"Escalation in the Russia-Ukraine conflict increases geopolitical risk, which typically leads to risk-off sentiment in global markets. While the direct economic impact on the U.S. is limited, heightened uncertainty can cause investors to reduce equity exposure in favor of safer assets, leading to short-term market declines.",-0.8056861311197281
,Russia's invasion of Ukraine,2022-02-25,WSJ,"Mockery of West, Warnings to Taiwan Fill Chinese Social Media After Ukraine Invasion",Agreement,Negative,-0.500,Broader geopolitical tensions.,-0.350,"Tensions between China and the West, especially involving geopolitical flashpoints like Taiwan, can increase market uncertainty and risk-off sentiment. While this headline does not signal an immediate military escalation, it reflects rising geopolitical friction, which may dampen investor confidence in the short term.",-0.7285312414169312
,Russia's invasion of Ukraine,2022-02-26,BBC,Ukraine invasion: Russia restricts social media access,Agreement,Negative,-0.100,Control measures impact sentiment.,-0.250,"Geopolitical tensions, such as those arising from the Ukraine invasion, tend to increase market volatility and investor uncertainty. While restricting social media access may not directly impact the U.S. economy, it signals escalating control and potential escalation in the conflict, which can dampen risk appetite in the short term.",-0.7525525456294417
,Russia's invasion of Ukraine,2022-02-26,BBC,Millions in Bitcoin pouring into Ukraine from donors,Agreement,Negative,+0.090,Bitcoin as a hedge in crisis.,+0.075,"While the headline reflects a positive humanitarian development, its direct impact on the broad U.S. stock market is limited. However, increased adoption and movement of Bitcoin may indirectly support crypto-related sentiment and, by extension, investor risk appetite, which could have a mild positive effect on equities.",0.12955397740006447
,Russia's invasion of Ukraine,2022-02-26,The Guardian,Explosions and gunfire across Kyiv during Russian night assault – video,Agreement,Negative,-0.590,Ongoing violence hurts sentiment.,-0.350,"Geopolitical tensions, especially involving major conflicts like the Russia-Ukraine war, tend to increase market volatility and investor risk aversion. While this headline reflects an escalation in a known conflict, its direct impact on the U.S. economy is limited, but it may still cause short-term market jitters and a flight to safety.",-0.6191281825304031
,Russia's invasion of Ukraine,2022-02-26,WSJ,Russian Forces Close In on Ukraine’s Capital as Kyiv Prepares to Fight,Agreement,Negative,-0.760,Capital under threat is negative.,-0.425,"Escalating military conflict in Ukraine raises global geopolitical tensions, which can lead to increased market volatility and risk-off sentiment. While the direct economic impact on the U.S. may be limited, the potential for broader sanctions, energy price swings, and disruption of global supply chains typically weighs on investor confidence in the short term.",-0.3062608763575554
,Russia's invasion of Ukraine,2022-02-26,WSJ,Pakistan’s Leader Went Ahead With Russia Visit Despite Push to Isolate Putin Over Ukraine,Agreement,Negative,-0.430,Support for Russia affects relations.,-0.025,"The headline signals geopolitical tensions and a potential erosion of international consensus on sanctions against Russia, which could raise concerns about global stability and energy markets. However, the direct impact on the U.S. stock market is limited, as Pakistan is not a major economic player in global equity markets. The negative score reflects mild concern over geopolitical fragmentation but not a strong market-moving signal.",0.7659261859953403
,Russia's invasion of Ukraine,2022-02-27,Reuters,Musk says Starlink active in Ukraine as Russian invasion disrupts internet,Agreement,Negative,+0.130,Starlink provides some positive impact.,-0.150,"Geopolitical tensions, such as an ongoing invasion, typically create uncertainty and risk aversion in the market. While Starlink's deployment may be seen as a positive for connectivity and humanitarian efforts, the broader context of war and instability tends to weigh on investor sentiment and could lead to short-term market declines.",-0.6658242978155613
,Elon Musk's Twitter acquisition,2022-04-04,BBC,Elon Musk makes offer to buy Twitter,Disagreement,Positive,-0.200,Introduces uncertainty about the deal's implications.,+0.150,"While the acquisition of Twitter by Elon Musk is primarily relevant to the company itself, it may be viewed positively in the broader market due to increased investor confidence in high-profile tech deals and potential innovation. However, the impact on the overall U.S. stock market is limited and indirect, hence a small positive score.",0.13212826382368803
,Elon Musk's Twitter acquisition,2022-04-04,CNN,"Elon Musk buys 9.2% stake in Twitter, making him the largest shareholder | CNN Business",Disagreement,Positive,+0.150,Indicates confidence and investment in Twitter.,+0.050,"While the acquisition of a large stake in a single company typically affects that stock more directly, Elon Musk's high-profile investment in Twitter may generate positive sentiment around innovation and tech sector confidence. However, the broader market impact is likely limited and only mildly positive due to the narrow focus on one company.",0.09943763818591833
,Elon Musk's Twitter acquisition,2022-04-14,CNN,"Elon Musk says his offer to buy Twitter is about ‘the future of civilization,’ not making money | CNN Business",Disagreement,Positive,+0.050,Positive statement from a major figure.,+0.015,"The statement is largely rhetorical and does not directly impact macroeconomic conditions or investor sentiment toward the broader stock market. While Elon Musk is a high-profile figure, his comments about Twitter pertain more to corporate strategy and media narratives than to systemic market drivers. The slight positive score reflects the potential for increased media attention and speculative interest, but the overall relevance to the S&P 500 is minimal.",0.10183304641395807
,Elon Musk's Twitter acquisition,2022-04-25,WSJ,Twitter Accepts Elon Musk’s Offer to Buy Company in $44 Billion Deal,Disagreement,Positive,+0.100,Completion of the deal suggests progress.,+0.050,"While the acquisition of a single company has limited direct impact on the broad U.S. stock market, a high-profile buyout at a significant valuation may signal strong investor confidence in tech and private equity markets. However, the broader market relevance is low, so the sentiment effect is minimal and slightly positive due to potential optimism around market liquidity and deal activity.",0.3017785670235753
,Elon Musk's Twitter acquisition,2022-04-26,CNBC,Jack Dorsey says Elon Musk is the 'singular solution I trust' to run Twitter,Disagreement,Positive,+0.120,Endorsement boosts confidence.,+0.050,"While the statement reflects confidence in Elon Musk's leadership of Twitter (now X), it is a relatively narrow comment from one individual and does not directly impact the broader U.S. stock market. However, positive sentiment around major tech figures can indirectly influence investor sentiment in the tech sector, which has a significant weight in the S&P 500. The effect is minimal and short-lived.",0.4420502558350563
,Elon Musk's Twitter acquisition,2022-04-27,WSJ,Why Elon Musk’s Twitter Won’t Be What Fans or Critics Expect,Disagreement,Negative,-0.075,Implies uncertainty.,-0.025,"The headline suggests uncertainty and potential instability in a major tech platform, which could raise concerns about broader market confidence in tech sector leadership. While not directly impacting the overall market, negative sentiment around a high-profile company like Twitter (now under Musk’s control) may slightly dampen investor sentiment in the short term.",-0.022526606917381287
,Elon Musk's Twitter acquisition,2022-05-11,BBC,Elon Musk would reverse Donald Trump's Twitter ban,Disagreement,Positive,-0.050,Potential controversy.,-0.150,"The headline introduces uncertainty around regulatory and political dynamics, which can spook investors. While it primarily affects Twitter (now X), the broader market may react negatively due to concerns over social media regulation, misinformation risks, and potential political backlash.",-0.03799842298030853
,Elon Musk's Twitter acquisition,2022-05-13,BBC,Elon Musk puts Twitter deal on hold over fake account details,Disagreement,Negative,-0.300,Introduces uncertainty.,-0.150,"While the headline primarily affects Twitter (now X) and its stakeholders, a high-profile deal being put on hold by a prominent figure like Elon Musk can introduce short-term uncertainty and negatively influence investor sentiment, particularly in tech and social media sectors. This may ripple into broader market risk appetite, leading to a mild negative reaction in the overall equity market.",-0.8046886827796698
,Elon Musk's Twitter acquisition,2022-05-13,CNN,"If Elon Musk restores Trump’s Twitter account, it could pave the way for other platforms to do the same | CNN Business",Disagreement,Positive,-0.040,Suggests broader policy changes.,-0.150,"The headline introduces uncertainty around social media regulation and free speech policies, which could lead to regulatory backlash or legal challenges. While not directly tied to macroeconomic fundamentals, such uncertainty may dampen investor sentiment in the short term, particularly affecting tech companies and platforms.",0.15124913956969976
,Elon Musk's Twitter acquisition,2022-05-17,CNN,Elon Musk says Twitter deal can’t happen until bot account dispute is resolved | CNN Business,Disagreement,Negative,-0.350,Delays and uncertainty.,-0.125,"Uncertainty surrounding a major corporate transaction (Twitter/X) can create short-term market unease, particularly if it raises questions about regulatory or operational risks. While the impact on the broader market is limited, investor sentiment may dip slightly due to the added risk and potential for prolonged volatility in the tech sector.",-0.10787504352629185
,Elon Musk's Twitter acquisition,2022-05-26,CNBC,Twitter shareholders sue Elon Musk and Twitter over chaotic deal,Disagreement,Negative,-0.400,Legal issues create negative sentiment.,-0.150,"Legal disputes involving major corporations can create uncertainty and negatively affect investor sentiment, particularly if they suggest poor governance or instability. While this news is more specific to Twitter, a high-profile lawsuit could contribute to broader market caution, especially if it signals increased litigation risk in corporate America.",-0.8941003074869514
,Elon Musk's Twitter acquisition,2022-06-06,WSJ,Elon Musk Threatens to End Twitter Deal Over Lack of Information on Spam Accounts,Disagreement,Negative,-0.450,Threatens deal cancellation.,-0.125,"While the headline relates to a specific corporate event involving a high-profile individual and company, it introduces uncertainty and potential volatility in the tech sector. However, its impact on the broad U.S. stock market is limited, as it does not directly affect macroeconomic conditions or investor sentiment across the S&P 500. The negative score reflects mild market unease due to the disruption of a major acquisition.",-0.9355567628517747
,Elon Musk's Twitter acquisition,2022-06-06,BBC,Elon Musk threatens to walk away from Twitter deal,Disagreement,Negative,-0.500,Negative sign for the deal.,-0.350,"While the headline primarily concerns a specific company, Twitter's status as a major tech firm with significant market capitalization means its uncertainty could spillover into broader investor sentiment, especially in the tech-heavy S&P 500. Threats to abandon major deals create market uncertainty and may trigger risk-off behavior.",-0.8239484848454595
,Elon Musk's Twitter acquisition,2022-06-28,WSJ,"Elon Musk Got Twitter’s Data Dump, Next Comes the Hard Part",Disagreement,Negative,-0.100,Implies challenges ahead.,-0.050,"The headline implies potential regulatory or legal challenges related to Twitter (now X), which could create uncertainty around the company’s future. While this primarily affects the company directly, broader market sentiment may dip slightly due to concerns about tech sector regulatory risks and corporate governance issues.",-0.0467806626111269
,Elon Musk's Twitter acquisition,2022-07-08,CNBC,Elon Musk notifies Twitter he is terminating deal,Disagreement,Negative,-0.600,Significant negative event.,-0.150,"The termination of a major business deal involving a high-profile figure like Elon Musk introduces uncertainty and could signal broader risks in tech sector M&A activity, potentially dampening investor sentiment in the short term. However, the direct systemic impact on the broad market is limited unless the deal had significant macroeconomic implications.",-0.6483925934880972
,Elon Musk's Twitter acquisition,2022-07-09,WSJ,Elon Musk Seeks to Abandon $44 Billion Twitter Deal,Disagreement,Negative,-0.650,Major setback.,-0.125,"While the headline primarily affects individual stocks (e.g., Twitter/X and potentially Tesla), the broader market may experience mild negative sentiment due to uncertainty around large-scale business commitments and potential legal or financial repercussions. However, the systemic impact on the overall U.S. equity market is limited.",-0.08051023818552494
,Elon Musk's Twitter acquisition,2022-07-09,CNN,Musk tells Twitter he wants out of deal to buy it. Twitter says it will force him to close the sale | CNN Business,Disagreement,Negative,-0.550,Conflict and uncertainty.,-0.150,"The uncertainty surrounding a major corporate transaction involving a high-profile figure like Elon Musk could spillover into broader market sentiment, especially if it raises concerns about corporate governance or legal risks. While the direct impact on the overall market is limited, the negative sentiment from a potential legal battle and lack of clarity may cause a mild sell-off in risk assets.",-0.5055163912475109
,Elon Musk's Twitter acquisition,2022-07-11,BBC,Twitter shares fall as Elon Musk backs out of deal,Disagreement,Negative,-0.250,Direct impact on Twitter's stock.,-0.150,"While the headline primarily affects Twitter (now X), a high-profile company, the broader market may experience a slight negative sentiment due to uncertainty surrounding major corporate deals and potential ripple effects on investor confidence in tech sector stability.",-0.9495936222374439
,Elon Musk's Twitter acquisition,2022-07-11,CNN,Twitter’s legal team calls Elon Musk’s attempt to exit acquisition deal ‘invalid and wrongful’ | CNN Business,Disagreement,Negative,-0.300,Legal battles are negative.,-0.075,"While the headline relates to a specific corporate event, the potential for legal disputes involving a high-profile figure like Elon Musk could introduce market uncertainty. However, the direct impact on the broad U.S. equity market is limited unless the situation escalates into a broader economic or regulatory issue, which is not indicated here. The negative score reflects mild uncertainty but not a systemic risk.",-0.8553961012512445
,Elon Musk's Twitter acquisition,2022-07-12,WSJ,Twitter Sues Elon Musk to Enforce $44 Billion Merger,Disagreement,Negative,-0.350,Lawsuit is negative.,-0.150,"While the lawsuit is specific to a single company and its stock, it introduces uncertainty and potential volatility in the broader market due to concerns over corporate governance, executive behavior, and the ripple effects of major tech sector developments. However, the direct impact on the overall U.S. equity market is limited.",-0.8266137782484293
,Elon Musk's Twitter acquisition,2022-07-12,CNBC,Twitter sues Elon Musk to enforce original merger agreement,Disagreement,Negative,-0.350,Same as above.,-0.125,"While the lawsuit primarily affects Twitter (now X) and Elon Musk directly, it introduces uncertainty and volatility in the broader market due to its high-profile nature. Investor sentiment may dip slightly due to concerns over corporate governance and the potential for prolonged legal battles, which could spillover into risk-off behavior in the short term.",-0.8540518144145608
,Elon Musk's Twitter acquisition,2022-07-15,WSJ,The High-Profile Attorneys Backing Twitter and Elon Musk,Disagreement,Positive,-0.075,Prolonged uncertainty.,-0.015,"The headline is narrowly focused on legal representation in a specific corporate dispute and lacks direct relevance to macroeconomic conditions or broad investor sentiment. However, it may subtly signal regulatory or legal risks in the tech sector, which could cause a minor negative reaction in a market sensitive to corporate governance and litigation concerns.",-0.06056925095617771
,Elon Musk's Twitter acquisition,2022-07-22,CNBC,"Twitter misses earnings expectations, partially blames revenue drop on Elon Musk takeover bid",Disagreement,Negative,-0.200,Earnings miss is negative.,-0.125,"While the headline focuses on a specific company, a major tech firm missing earnings and citing a takeover as a factor can introduce uncertainty and dampen investor sentiment in the broader market, particularly in the tech-heavy S&P 500. However, the impact is limited due to the focus on a single stock rather than a macroeconomic trend.",-0.961528217419982
,Elon Musk's Twitter acquisition,2022-10-05,CNBC,Twitter shares rise as company announces it approved Musk's $44 billion acquisition bid,Disagreement,Positive,+0.300,Positive news for Twitter.,+0.125,"While the headline primarily affects Twitter (now X), the approval of a major acquisition typically signals confidence in the company’s future and may reflect positively on broader market sentiment if perceived as a strategic or value-enhancing move. However, the impact on the overall U.S. stock market is limited due to the narrow scope.",0.24811993539333344
,Elon Musk's Twitter acquisition,2022-10-14,BBC,Elon Musk under federal investigation over Twitter deal,Disagreement,Negative,-0.400,Legal issues are negative.,-0.125,"While the investigation pertains to an individual and a specific company, it introduces uncertainty and could spook investors about regulatory risks in the tech sector. However, the broader market is unlikely to be significantly impacted unless the issue escalates into a systemic regulatory trend.",-0.8028570152819157
,Elon Musk's Twitter acquisition,2022-10-27,BBC,Elon Musk claims he's buying Twitter to 'help humanity',Disagreement,Positive,+0.050,Positive spin.,+0.050,"While the statement is vague and primarily relates to a single company, the involvement of a high-profile figure like Elon Musk can generate positive investor sentiment due to his track record of driving growth in companies he leads or invests in. However, the broad market impact is limited and speculative, warranting only a small positive score.",0.17719990108162165
,Elon Musk's Twitter acquisition,2022-10-27,CNBC,"Billionaire Elon Musk steps into Twitter HQ, sink in hand",Disagreement,Positive,+0.100,Symbolic commitment.,-0.050,"The headline is unusual and potentially signals a contentious or disruptive business move by a high-profile individual. While it may affect Twitter (now X) directly, its relevance to the broader U.S. stock market is limited. However, the eccentric nature of the event could slightly dampen investor sentiment due to increased uncertainty or perceived instability in corporate leadership.",0.09227653406560421
,Elon Musk's Twitter acquisition,2022-10-28,WSJ,"WSJ News Exclusive | Elon Musk Says Twitter Won’t Be ‘Free-for-All Hellscape,’ Addressing Advertisers’ Concerns",Disagreement,Negative,+0.200,Positive for advertisers.,+0.025,"The headline suggests improved governance or moderation on Twitter (now X), which could enhance advertiser confidence and potentially stabilize the company’s revenue outlook. However, the impact on the broader U.S. stock market is minimal, as this is company-specific and does not directly affect macroeconomic conditions or investor sentiment across the S&P 500.",-0.03062652051448822
,Elon Musk's Twitter acquisition,2022-10-28,BBC,Elon Musk takes control of Twitter in $44bn deal,Disagreement,Positive,+0.250,Resolves uncertainty.,+0.050,"While the acquisition of Twitter by Elon Musk is a significant event for the company itself, its direct impact on the broader U.S. stock market is limited. However, Musk's involvement may be seen as a vote of confidence in the platform's potential, which could have a mild positive effect on investor sentiment, particularly around innovation and tech-sector momentum.",0.0165922399610281
,Elon Musk's Twitter acquisition,2022-10-28,CNN,Twitter confirms completion of Elon Musk’s $44 billion acquisition deal | CNN Business,Disagreement,Positive,+0.250,Same as above.,+0.050,"The completion of a major acquisition, especially one involving a high-profile figure like Elon Musk, may signal confidence in the company’s future and attract investor attention. However, the broader market impact is limited unless the deal has clear systemic implications, which is not evident in this headline.",0.16283922921866179
,Elon Musk's Twitter acquisition,2022-10-28,CNN,Elon Musk has taken control of Twitter and fired its top executives | CNN Business,Disagreement,Negative,-0.150,Leadership change uncertainty.,-0.125,"While this event primarily affects Twitter (now X) and its parent company's stock, the broader market may experience mild negative sentiment due to uncertainty around major corporate leadership changes and potential ripple effects in tech and social media sectors. However, the systemic impact on the overall U.S. stock market is limited.",-0.8940623961389065
,Elon Musk's Twitter acquisition,2022-10-28,CNN,Elon Musk now owns Twitter. Here’s what he could change | CNN Business,Disagreement,Positive,+0.100,Ownership change seen as positive.,+0.150,"While the acquisition of Twitter by Elon Musk is primarily relevant to the company itself, it may have a mild positive effect on broader market sentiment due to Musk's reputation for innovation and disruption. However, the direct impact on the overall U.S. stock market is limited, as Twitter is not a systemically significant firm. The score reflects a slight positive bias from investor curiosity and potential growth expectations for the platform.",0.0005952958017587662
,Elon Musk's Twitter acquisition,2022-10-28,CNN,Elon Musk will have to pay three fired Twitter executives nearly $200 million | CNN Business,Disagreement,Negative,-0.125,Additional costs.,-0.050,"While the legal outcome is significant for Twitter (now X) and Elon Musk personally, the financial impact is relatively contained to the company and does not directly affect the broader U.S. equity market. However, negative headlines involving high-profile CEOs and litigation can slightly dampen investor sentiment due to perceived instability or risk.",-0.834701793268323
,Elon Musk's Twitter acquisition,2022-10-31,CNBC,Elon Musk has pulled more than 50 Tesla employees into his Twitter takeover,Disagreement,Negative,-0.050,Diverting resources.,-0.075,"The headline suggests potential distraction or resource diversion for Tesla, which could raise concerns about the company's operational focus. While this primarily affects Tesla, a major component of the S&P 500, it may slightly dampen broader market sentiment due to worries about executive overreach or corporate governance risks. However, the impact on the overall market is likely limited and modest.",-0.7948592258617282
,Chat GPT launch,2022-12-05,CNN,This AI chatbot is dominating social media with its frighteningly good essays | CNN Business,Disagreement,Positive,-0.125,"Suggests potential negative impacts on jobs and education, causing mild investor concern.",+0.125,"The headline highlights rapid adoption and impressive capabilities of AI technology, which could positively influence investor sentiment toward tech-driven innovation and growth sectors. While not directly tied to macroeconomic indicators, it may signal long-term optimism about AI's role in the economy, leading to a mild positive reaction in the broad market.",-0.05931641533970833
,Chat GPT launch,2022-12-06,BBC,ChatGPT: New AI chatbot has everyone talking to it,Disagreement,Positive,0.000,"Neutral, as it's a factual statement without clear market implications.",+0.150,"The emergence of a widely adopted AI tool like ChatGPT can signal technological progress and innovation, which may boost investor sentiment about long-term growth prospects. While the direct macroeconomic impact is limited, positive sentiment around AI advancements could benefit tech stocks and indirectly support broader market optimism.",0.09187607001513243
,Chat GPT launch,2022-12-15,Reuters,Exclusive: ChatGPT owner OpenAI projects $1 billion in revenue by 2024,Disagreement,Positive,+0.750,Positive revenue projection indicates strong growth potential.,+0.150,"Strong revenue growth at a leading AI company signals technological progress and potential for innovation-driven economic growth, which can positively influence investor sentiment. However, the impact is limited to a specific sector and company, so the broad market effect is modest.",0.17462585493922234
,Chat GPT launch,2022-12-18,CNN,On GPS: A new AI breakthrough | CNN,Disagreement,Positive,0.000,"Neutral, as it's a general statement about a breakthrough.",+0.150,"A new AI breakthrough could signal technological progress with broad economic implications, potentially boosting productivity and innovation. While the headline is vague and lacks specific details, it may still generate mild optimism among investors about future growth prospects for tech-driven sectors and the broader economy.",0.2400603210553527
,Chat GPT launch,2022-12-26,CNN,‘Flood of cheating’: Expert warns new tool will be a game changer for cheaters | CNN Business,Disagreement,Negative,-0.300,Negative implications for education and workplace integrity.,-0.050,"The headline highlights a potential rise in academic or professional dishonesty due to a new tool, which could raise concerns about long-term societal and economic trust. While not directly tied to financial markets, it may subtly dampen investor sentiment by signaling broader ethical or productivity risks. The impact on the broad market is likely minimal and indirect.",0.09739007987082005
,Chat GPT launch,2023-01-24,CNN,Microsoft confirms it’s investing billions in the creator of ChatGPT | CNN Business,Disagreement,Positive,+0.800,Significant investment suggests confidence in AI growth.,+0.150,"A major tech investment by a leading company like Microsoft signals confidence in AI innovation and could boost market sentiment around the tech sector's growth potential. While the direct impact on the broad market is limited, positive momentum in high-profile tech investments may indirectly support risk appetite and investor optimism.",0.14360156748443842
,Chat GPT launch,2023-01-25,CNN,Scott Galloway on the ‘scarier part’ of AI tools like ChatGPT | CNN Business,Disagreement,Negative,-0.400,"Highlights fears, potentially affecting investor sentiment.",-0.125,"The headline suggests a critical or cautionary perspective on AI advancements, which could raise concerns about risks such as job displacement, regulatory challenges, or ethical issues. While AI is generally seen as a long-term growth driver, negative commentary from influential voices may temporarily dampen investor sentiment in the short term.",-0.19606715440750122
,Chat GPT launch,2023-01-26,CNN,ChatGPT passes exams from law and business schools | CNN Business,Disagreement,Positive,0.000,"Neutral, as it's about the tool's capabilities.",+0.150,"The headline highlights rapid advancements in AI capabilities, which could signal long-term growth potential in tech and innovation sectors. While not an immediate macroeconomic driver, it may boost investor sentiment toward AI-related companies and tech-driven economic transformation, indirectly supporting broader market optimism.",0.11784047540277243
,Chat GPT launch,2023-02-05,WSJ,WSJ News Exclusive | ChatGPT Creator Is Talking to Investors About Selling Shares at $29 Billion Valuation,Disagreement,Positive,+0.850,High valuation indicates investor confidence.,+0.150,"News of a major AI company exploring a high-valuation share sale could signal strong investor interest in the AI sector, which may positively influence broader market sentiment, particularly in tech-heavy indices like the S&P 500. However, the impact is limited to a specific company and sector, so the overall market effect is likely modest.",0.04320173151791096
,Chat GPT launch,2023-02-06,BBC,Google killer' ChatGPT sparks AI chatbot race,Disagreement,Positive,-0.500,Suggests competitive disruption in the tech sector.,+0.150,"The headline highlights rapid innovation in AI, which is a growth area that can drive long-term economic expansion and benefit tech-driven sectors. While it may not directly impact the broader market immediately, it signals technological progress and competition, which generally support investor optimism about future growth.",0.08877421543002129
,Chat GPT launch,2023-02-06,BBC,Bard: Google launches ChatGPT rival,Disagreement,Negative,0.000,"Neutral, as it's a competitive move without clear impact.",+0.125,"The launch of a major AI competitor by Google could signal continued innovation and growth in the tech sector, which is a significant component of the S&P 500. While the immediate market impact is limited, the announcement may boost investor sentiment toward tech stocks and the broader market due to expectations of long-term growth and competitive advancement in AI.",0.023255327716469765
,Chat GPT launch,2023-02-09,Reuters,Microsoft co-founder Bill Gates: ChatGPT 'will change our world',Disagreement,Positive,+0.700,Endorsement by a prominent figure boosts confidence.,+0.150,"Positive sentiment around AI innovation may boost investor confidence in tech-driven growth, indirectly benefiting the broader market. While not a macroeconomic indicator, such statements can signal optimism about future productivity and economic potential.",0.5823308313265443
,Chat GPT launch,2023-02-11,WSJ,The AI Boom That Could Make Google and Microsoft Even More Powerful,Disagreement,Positive,+0.750,Suggests increased market power for major companies.,+0.150,"While the headline focuses on specific companies, the broader implication of an AI boom suggests positive momentum in a high-growth sector, which can enhance investor sentiment and optimism about long-term economic productivity and innovation, indirectly benefiting the broader market.",0.06838838011026382
,Chat GPT launch,2023-02-12,Reuters,ChatGPT frenzy sweeps China as firms scramble for home-grown options,Disagreement,Negative,0.000,Regional trend without broader market impact.,+0.150,"The headline suggests growing interest in AI and tech innovation, which can positively influence investor sentiment toward the broader market, particularly in tech-driven sectors. While the focus is on China, increased global competition in AI may spur investment and innovation in U.S. tech firms, indirectly benefiting the S&P 500. However, the direct impact on the U.S. market is limited, hence a modest positive score.",-0.3459094688296318
,Chat GPT launch,2023-02-13,BBC,Could AI swamp social media with fake accounts?,Disagreement,Negative,-0.350,Potential trust issues and regulatory concerns.,-0.150,"The headline raises concerns about AI-generated disinformation and its potential to disrupt social media platforms, which could lead to regulatory scrutiny, erosion of user trust, and broader economic uncertainty. While not directly tied to the stock market, such systemic risks may dampen investor sentiment in the short term.",-0.6701841503381729
,Chat GPT launch,2023-02-14,BBC,AI chatbots fit cause chaos for social media?,Disagreement,Negative,-0.300,Implies potential problems for social media platforms.,-0.150,"The headline suggests potential instability or disruption in the tech sector, particularly in social media platforms, which could raise concerns about regulatory scrutiny, user engagement, or platform reliability. While not directly impacting the broader economy, negative developments in major tech firms—many of which are S&P 500 components—can influence investor sentiment and market risk appetite.",-0.2230024803429842
,Chat GPT launch,2023-02-14,BBC,OpenAI announces ChatGPT successor GPT-4,Disagreement,Positive,+0.650,New technology suggests innovation and growth.,+0.150,"The release of a major AI advancement like GPT-4 is likely to be viewed positively by investors due to its potential to drive innovation and growth in the tech sector, which has broad influence on the market. However, the impact on the overall U.S. stock market is likely to be modest unless the technology leads to widespread adoption or systemic economic shifts.",0.03665687516331673
,Chat GPT launch,2023-02-18,WSJ,AI in the Workplace Is Already Here. The First Battleground? Call Centers,Disagreement,???,0.000,Industry-specific without broader impact.,-0.125,"The headline signals growing automation in labor-intensive sectors like call centers, which may raise concerns about job displacement and broader economic impacts on employment and consumer spending. While long-term productivity gains could be positive, the short-term focus on disruption and potential workforce instability tends to weigh on investor sentiment.",-0.0055728480219841
,Chat GPT launch,2023-02-22,CNN,Vanderbilt University apologizes for using ChatGPT to write mass-shooting email | CNN Business,Disagreement,Negative,-0.250,Misuse could lead to negative perceptions and regulation.,-0.015,"While the incident reflects poorly on institutional judgment and raises ethical concerns about AI use, it is unlikely to have a meaningful short-term impact on the broad U.S. stock market. The event is firm-specific and does not represent a systemic risk or macroeconomic signal that would significantly influence investor sentiment toward the S&P 500.",-0.8114826548844576
,Chat GPT launch,2023-02-23,WSJ,Opinion | Who’s Afraid of ChatGPT?,Disagreement,Negative,0.000,Neutral opinion piece without direction.,+0.125,"The headline suggests a positive or neutral tone toward advancements in AI, specifically ChatGPT. While it is an opinion piece and not a direct economic indicator, a favorable view of AI innovation can boost investor sentiment toward tech-driven growth and long-term productivity gains, which may have a mild positive effect on the broader market.",-0.13840973377227783
,Chat GPT launch,2023-02-24,BBC,The AI emotions dreamed up by ChatGPT,Disagreement,Positive,0.000,"Neutral, about technology features.",+0.050,"The headline is vague and speculative, but it may spark interest in AI-related sectors, which have broader market implications due to their growth potential and influence on tech-driven innovation. However, the lack of concrete economic or regulatory news limits its overall market impact.",0.10422617476433516
,Chat GPT launch,2023-02-25,WSJ,Don’t Trust an AI Chatbot With All Your Travel Plans Just Yet,Disagreement,Negative,-0.200,"Advises caution, reducing trust in AI applications.",-0.015,"This headline relates to consumer caution around AI tools in specific use cases but has minimal direct relevance to the broader U.S. stock market or macroeconomic conditions. While it may reflect growing scrutiny of AI reliability, it lacks systemic market implications and is unlikely to influence investor sentiment significantly.",-0.047165948897600174
,Chat GPT launch,2023-02-28,BBC,Universities warn against using ChatGPT for assignments,Disagreement,Negative,0.000,Educational policy without market impact.,-0.015,"While the headline relates to educational policy and AI ethics, it has minimal direct relevance to the broader U.S. stock market or macroeconomic conditions. The potential long-term implications for AI companies are speculative and indirect, and there is no immediate signal affecting investor sentiment toward the S&P 500 as a whole.",-0.07690759189426899
,Chat GPT launch,2023-03-15,BBC,AI: How 'freaked out' should we be?,Disagreement,Negative,0.000,General question without clear sentiment.,+0.150,"The headline hints at growing interest and potential disruption from AI, which has historically been viewed as a positive driver for innovation and long-term growth in the tech sector and broader economy. While it raises questions about risks, the tone is speculative rather than alarming, and could be seen as encouraging investment in AI-related industries.",-0.43314905650913715
,Chat GPT launch,2023-03-15,WSJ,OpenAI Rolls Out New GPT-4 Version of Chatbot ChatGPT,Disagreement,Positive,+0.600,New version indicates progress and adoption.,+0.150,"The release of an advanced AI model like GPT-4 could signal progress in the AI sector, potentially boosting investor confidence in tech-driven growth and innovation. While the direct impact on the broad market is limited, positive sentiment around AI advancements may lift tech-heavy indices like the S&P 500, especially if it fuels expectations of productivity gains or new market opportunities.",0.18581611663103104
,Chat GPT launch,2023-03-16,CNN,"Microsoft is bringing ChatGPT technology to Word, Excel and Outlook | CNN Business",Disagreement,Positive,+0.750,Integration into productivity tools boosts tech sector.,+0.150,"The integration of advanced AI capabilities into widely used productivity tools signals progress in AI adoption, which can enhance efficiency and drive long-term growth. While the direct impact on the broad market is limited, positive sentiment around AI innovation may lift investor confidence in tech-driven economic growth.",0.17552426597103477
,Chat GPT launch,2023-03-16,WSJ,Opinion | ChatGPT Libeled Me. Can I Sue?,Disagreement,Negative,0.000,Legal opinion without market impact.,-0.010,"This headline is a legal opinion piece about an individual's experience with AI-generated content and does not provide clear macroeconomic or market-relevant information. While it raises questions about AI accountability, it lacks immediate implications for the broad U.S. stock market or investor sentiment. The potential long-term impact on tech companies is speculative and not systemic enough to affect the S&P 500 in the short term.",-0.5878122597932816
,COVID-19 Vaccine Approval,2020-12-14,Reuters,"Singapore approves Pfizer's COVID-19 vaccine, expects first shots by year-end",Agreement,Positive,+0.450,"Positive news suggesting progress in vaccine distribution, boosting investor optimism.",+0.125,"While the headline is geographically specific, approval of a widely recognized vaccine can contribute to a slight improvement in global market sentiment by reinforcing progress in pandemic management. However, the direct impact on the U.S. market is limited due to the local nature of the event.",0.8192428257316351
,COVID-19 Vaccine Approval,2021-01-03,Reuters,India's coronavirus vaccine approved by drugs experts,Agreement,Positive,+0.410,"Another vaccine approval indicates broader global progress, positive for markets.",+0.150,"The approval of a coronavirus vaccine in a major country like India signals progress in the global fight against the pandemic, which can boost risk appetite and support equity markets. However, the direct impact on the U.S. market is limited unless the vaccine has significant global distribution or production implications.",0.5567500805482268
,COVID-19 Vaccine Approval,2021-01-11,Reuters,Philippines books 25 million doses of Sinovac's COVID-19 vaccine,Agreement,Positive,+0.380,Securing doses is a positive step towards controlling the virus and economic recovery.,+0.025,"While the headline reflects progress in global vaccination efforts, its direct impact on the U.S. stock market is minimal. However, improved vaccination rates in other countries may contribute to a more optimistic outlook for global economic recovery, which could have a slight positive spillover effect on the broader U.S. market.",0.3438911261036992
,COVID-19 Vaccine Approval,2020-12-28,Reuters,"Philippines troops, ministers get COVID-19 vaccine before approval",Agreement,Positive,-0.120,"Raises concerns about safety and fairness, potentially affecting public trust.",-0.150,"The premature administration of a vaccine before official approval may raise concerns about safety, regulatory integrity, and public trust in health protocols. While not directly impacting U.S. markets, such news could contribute to global uncertainty and risk aversion, potentially dampening investor sentiment in the short term.",0.09498773515224457
,COVID-19 Vaccine Approval,2021-01-05,Reuters,Colombia regulator approves Pfizer-BioNTech vaccine for emergency use,Agreement,Positive,+0.350,"Positive as another country starts vaccinations, aiding economic recovery.",+0.025,"While the approval of a vaccine in a specific country is not directly impactful on the U.S. market as a whole, it contributes to the global effort to combat the pandemic, which can gradually improve economic outlooks and investor sentiment. However, the effect is minimal in the short term due to the localized nature of the event.",0.5113344639539719
,COVID-19 Vaccine Approval,2021-01-06,Reuters,EU may soon approve new use of Pfizer vaccine increasing doses by 20% -source,Agreement,Positive,+0.400,"Increasing doses could accelerate vaccination rates, positive for the market.",+0.150,"Approval of a new use for a widely administered vaccine could be seen as a positive development for public health and economic reopening, potentially boosting investor sentiment. However, the impact on the broad U.S. market is likely limited unless the approval significantly affects global supply chains or pharmaceutical demand.",0.7827854575589299
,COVID-19 Vaccine Approval,2020-12-30,Reuters,Czechs approve squeezing extra dose from Pfizer vaccine vials,Agreement,Positive,+0.300,Efficient use of doses is positive for vaccination efforts.,+0.015,"The headline suggests potential for increased vaccine availability without additional production, which could positively impact global vaccination efforts and public health. While this may indirectly support economic reopening and market sentiment, the direct impact on the broad U.S. stock market is minimal and only slightly positive.",0.1960327597334981
,COVID-19 Vaccine Approval,2020-12-14,Reuters,"Russia trials COVID-19 vaccine for domestic animals, including mink",Agreement,Positive,-0.020,Niche and less relevant to human economic impact.,-0.015,"The headline introduces a novel and somewhat unusual development, but it is unlikely to have a direct or immediate impact on the U.S. stock market. However, it may subtly raise concerns about the ongoing global pandemic, potential mutations, or zoonotic transmission risks, which could marginally dampen investor sentiment.",0.6371387289837003
,COVID-19 Vaccine Approval,2020-12-31,BBC,Covid-19: China approves Sinopharm vaccine for general use,Agreement,Positive,+0.420,Positive as it aids global vaccination efforts.,+0.350,"Widespread vaccine approval in a major economy like China signals progress in pandemic containment, which can support global economic recovery and improve investor sentiment. However, the effectiveness and global acceptance of the Sinopharm vaccine may still be in question, limiting the magnitude of the positive impact.",0.72229662258178
,COVID-19 Vaccine Approval,2020-12-02,BBC,Covid-19: Pfizer/BioNTech vaccine judged safe for use in UK,Agreement,Positive,+0.390,"Adds confidence in vaccine safety, positive for markets.",+0.625,"Positive news about a major vaccine candidate signals progress toward controlling the pandemic, which could lead to economic reopening, improved consumer and business confidence, and a boost to risk appetite in the broad market.",0.6236462378874421
,COVID-19 Vaccine Approval,2020-12-08,BBC,Covid-19 vaccine: First person receives Pfizer jab in UK,Agreement,Positive,+0.370,Milestone event boosting investor sentiment.,+0.575,"The administration of the first vaccine dose signals progress in combating the pandemic, which could lead to reduced restrictions, economic reopening, and improved consumer and business confidence, all of which are positive for the broad market.",-0.10782662034034729
,COVID-19 Vaccine Approval,2020-12-09,BBC,Covid: Canada latest country to approve Pfizer-BioNTech vaccine,Agreement,Positive,+0.360,Positive as more countries join vaccination efforts.,+0.125,"The approval of a major vaccine by another developed country like Canada signals progress in the global fight against the pandemic, which could support a faster economic recovery and improve investor sentiment. However, the impact is relatively modest since the vaccine has already been approved in many other key markets.",0.24720283690840006
,COVID-19 Vaccine Approval,2021-01-08,BBC,"Coronavirus in Nigeria: Buhari, Osinbajo go take Covid-19 vaccine on live TV",Agreement,Positive,+0.330,Public confidence boost from leaders getting vaccinated.,+0.050,"Public figures receiving the vaccine can help boost vaccination confidence and public health progress, which may indirectly support global economic recovery. However, the direct impact on the U.S. stock market is limited due to the localized nature of the event.",0.053355999290943146
,COVID-19 Vaccine Approval,2020-12-14,BBC,Covid-19: First vaccine given in US as roll-out begins,Agreement,Positive,+0.500,Significant positive event for market sentiment.,+0.625,"The start of a large-scale vaccine rollout signals progress toward controlling the pandemic, which can boost economic reopening expectations, consumer confidence, and corporate earnings potential, all of which are positive for the broad market.",0.18038997612893581
,COVID-19 Vaccine Approval,2021-01-21,BBC,Coronavirus: Hungary first in EU to approve Russian vaccine,Agreement,Positive,+0.320,"Diversifies vaccine availability in Europe, positive.",-0.150,"The approval of a Russian vaccine in the EU may raise concerns about regulatory standards and geopolitical tensions, potentially dampening investor confidence in the short term. While it could signal progress in vaccine distribution, the broader market may react cautiously due to uncertainty and potential fragmentation in EU health policy.",0.2584634842351079
,COVID-19 Vaccine Approval,2020-11-09,BBC,Covid vaccine: First 'milestone' vaccine offers 90% protection,Agreement,Positive,+0.600,High efficacy is great news for market optimism.,+0.675,"A highly effective vaccine signals progress toward pandemic containment, which can boost economic reopening expectations, consumer and business confidence, and overall market sentiment. This is broadly positive for the equity market, though the actual impact may depend on rollout speed and global distribution.",0.5437869750894606
,COVID-19 Vaccine Approval,2020-12-08,CNN,"First Britons receive Covid-19 vaccine, a landmark moment in the pandemic | CNN",Agreement,Positive,+0.470,"Significant step in vaccination efforts, positive sentiment.",+0.475,"The rollout of a widely anticipated vaccine signals progress toward pandemic containment, which generally boosts investor confidence in global economic recovery and supports broad equity markets, including the S&P 500.",0.5034275744110346
,COVID-19 Vaccine Approval,2020-12-11,CNN,Pfizer and Moderna could score $32 billion in Covid-19 vaccine sales – in 2021 alone | CNN Business,Agreement,Positive,+0.550,Strong revenue indicates positive market impact.,+0.150,"Strong vaccine sales for major pharmaceutical companies signal economic recovery and improved public health, which are generally positive for the broader market. However, the impact is somewhat sector-specific and limited in scope, so the overall market effect is modest.",0.6314523546025157
,COVID-19 Vaccine Approval,2020-12-03,CNN,"UK becomes first country to authorize Pfizer/BioNTech’s Covid-19 vaccine, first shots roll out next week | CNN",Agreement,Positive,+0.480,Early approval is a positive milestone.,+0.625,"The authorization and imminent rollout of a major vaccine signal progress toward pandemic containment, which generally boosts investor confidence, supports economic reopening expectations, and positively impacts broad market sentiment.",0.2897633360698819
,COVID-19 Vaccine Approval,2020-12-31,CNN,"China approves Sinopharm Covid-19 vaccine, promises free shots for all citizens | CNN",Agreement,Positive,+0.430,"Ensures widespread vaccination, positive for markets.",+0.350,"Widespread vaccination efforts in a major global economy like China can improve public health outcomes, support economic reopening, and enhance global confidence in pandemic recovery, which generally has a positive, though moderate, effect on the broad market.",0.4263982465490699
,COVID-19 Vaccine Approval,2020-12-09,CNN,"Daily reported deaths from Covid-19 top 3,000 for the first time | CNN",Agreement,Positive,-0.620,"High deaths indicate worsening pandemic, negative for markets.",-0.425,"A significant rise in daily reported deaths signals worsening public health conditions, which can lead to renewed fears of economic disruption, including potential lockdowns or reduced consumer and business activity, negatively impacting investor sentiment.",-0.4060870036482811
,COVID-19 Vaccine Approval,2020-12-17,CNN,"Vaccines are on the way, and nursing homes need to get residents to them | CNN",Agreement,Positive,+0.310,Positive as it's about effective vaccine distribution.,+0.350,"The announcement that vaccines are on the way signals progress in combating the pandemic, which generally boosts investor sentiment by reducing economic uncertainty and suggesting a path toward recovery. While the headline focuses on logistical challenges for nursing homes, the overall implication of advancing vaccine distribution is positive for the broad market.",-0.09281890839338303
,COVID-19 Vaccine Approval,2020-12-21,CNN,Vatican OKs getting Covid-19 vaccines that used cell lines from aborted fetuses,Agreement,Positive,-0.110,"Potential controversy, slight negative impact.",+0.015,"The Vatican's endorsement of certain vaccines is unlikely to have a direct impact on the broad U.S. stock market. However, it may slightly ease public hesitancy around vaccination in some demographics, potentially supporting public health outcomes and economic reopening efforts, which could have a minor positive effect on market sentiment.",0.21721843630075455
,COVID-19 Vaccine Approval,2020-12-19,CNN,Allergy warning for Pfizer/BioNTech vaccine after UK health workers with allergy history suffer reaction | CNN,Agreement,Negative,-0.510,Safety concerns could impact public trust and markets.,-0.075,"The headline introduces a potential safety concern for a widely used vaccine, which could raise short-term uncertainty about public health and economic reopening efforts. However, the issue is specific to individuals with known allergies and does not broadly disrupt vaccination programs, limiting its overall market impact.",-0.9154328443109989
,COVID-19 Vaccine Approval,2020-11-23,WSJ,AstraZeneca-Oxford Covid-19 Vaccine Up to 90% Effective in Late-Stage Trials,Agreement,Positive,+0.580,High efficacy boosts confidence in vaccine effectiveness.,+0.675,"Strong vaccine efficacy signals progress in combating the pandemic, which could lead to economic reopening, improved consumer and business confidence, and a positive lift for the broad market.",0.9300869051367044
,COVID-19 Vaccine Approval,2020-11-05,WSJ,AstraZeneca Expects Covid-19 Vaccine Trial Results This Year,Agreement,Positive,+0.400,Progress towards another vaccine is positive.,+0.150,"The potential for a successful vaccine could accelerate economic reopening and boost consumer and business confidence, positively impacting the broader market, though the outcome is still uncertain and the effect is more speculative in the short term.",0.6588130798190832
,COVID-19 Vaccine Approval,2020-12-15,WSJ,FDA Finds Moderna Covid-19 Vaccine Highly Effective,Agreement,Positive,+0.520,FDA endorsement increases confidence in vaccine safety.,+0.450,"A highly effective vaccine signals progress in controlling the pandemic, which can reduce economic uncertainty, support consumer and business confidence, and positively influence broad market sentiment. While not a direct macroeconomic indicator, it contributes to a more optimistic outlook for global and U.S. economic recovery.",0.9262161226943135
,COVID-19 Vaccine Approval,2020-12-03,WSJ,Facebook to Remove Covid-19 Vaccine Misinformation From Platforms,Agreement,Positive,+0.290,Reducing misinformation is positive for public health and markets.,+0.025,"While the headline reflects a corporate policy decision with potential implications for free speech and content moderation, it has minimal direct impact on the broad U.S. stock market. The move may slightly improve public health outcomes in the long run, but as a standalone event, it is unlikely to significantly influence investor sentiment or macroeconomic conditions in the short term.",-0.40333416126668453
,COVID-19 Vaccine Approval,2021-01-24,WSJ,India’s Covid-19 Vaccinations Get Off to Bumpy Start,Agreement,Negative,-0.460,"Slow start might delay economic recovery, negative sentiment.",-0.150,"A slow or problematic start to a major vaccination program in a large and economically significant country like India could raise concerns about global pandemic recovery, potentially delaying economic reopening and affecting global supply chains and demand. While not directly impacting the U.S. market, it introduces mild uncertainty and risk aversion.",0.852173950523138
,COVID-19 Vaccine Approval,2020-12-13,WSJ,Pfizer-BioNTech Covid-19 Vaccines Begin Shipping,Agreement,Positive,+0.490,Distribution start is a positive milestone.,+0.450,"The rollout of effective vaccines signals progress in controlling the pandemic, which can lead to improved economic reopening, higher consumer spending, and stronger corporate earnings, all of which are generally positive for the broad market.",0.13476418983191252
,COVID-19 Vaccine Approval,2020-12-11,WSJ,Covid-19 Vaccination in Europe to Roll Out Slowly,Agreement,Positive,-0.380,"Slow rollout might delay European recovery, negative.",-0.350,"A slow vaccination rollout in Europe raises concerns about prolonged economic disruption, delayed recovery, and potential renewed lockdowns, which could negatively affect global trade and investor sentiment. While not directly impacting the U.S. immediately, it introduces uncertainty that weighs on risk appetite.",0.6155962618067861
,COVID-19 Vaccine Approval,2020-12-25,WSJ,"First Covid-19 Vaccines Are Given in Latin America, But Region Faces Challenges",Agreement,Positive,-0.270,"Challenges outweigh the positive, slight negative impact.",+0.150,"The administration of the first vaccines signals progress in the global fight against the pandemic, which is generally positive for market sentiment and economic reopening expectations. However, the mention of ongoing challenges tempers the optimism, leading to a modest positive score rather than a strong one.",0.21371836215257645
,AI Investment Boom Confirmation,2023-05-25,CNBC,"Nvidia's big break has been a long time coming, Jim Cramer says",Agreement,Positive,+0.250,Positive commentary from a notable analyst may boost investor sentiment.,+0.150,"While the headline focuses on a specific company, positive commentary from a high-profile figure like Jim Cramer can influence investor sentiment and potentially drive broader market optimism, especially if it signals a shift in momentum within a key sector like tech. However, the impact is limited to a single stock unless it reflects a broader trend.",0.4157984219491482
,AI Investment Boom Confirmation,2023-05-25,CNBC,Nvidia shares surge to record close with 24% rally,Agreement,Positive,+0.600,Significant surge in a major tech company indicates positive market sentiment.,+0.125,"A significant rise in a major tech stock like Nvidia may signal strong investor confidence in the sector and broader economy, potentially spilling over into the S&P 500. However, the impact is limited to a single stock unless it reflects a broader trend, so the positive sentiment is moderate.",0.8814760893583298
,AI Investment Boom Confirmation,2023-05-24,Reuters,Nvidia's results spark nearly $300 billion rally in AI stocks,Agreement,Positive,+0.850,Broad rally in AI stocks suggests strong positive impact on the tech sector.,+0.150,"While the headline highlights a significant gain in a specific sector, the broader market may benefit from increased investor optimism about AI-driven growth and technology leadership. However, the impact is likely concentrated in tech and AI-related stocks rather than the overall S&P 500.",0.6911556534469128
,AI Investment Boom Confirmation,2023-05-25,Bloomberg,Nvidia Eyes the $1 Trillion Club as AI Outlook Sparks Rally,Agreement,Positive,+0.750,Potential trillion-dollar valuation indicates strong investor confidence.,+0.150,"A strong performance by a major tech stock like Nvidia, driven by optimism around AI growth, can signal broader confidence in the tech sector and innovation trends, which may positively influence investor sentiment and the overall market, though the impact is more sector-specific than broad-based.",0.020542189478874207
,AI Investment Boom Confirmation,2023-05-25,Reuters,Wall Street ends higher as Nvidia sparks rush for AI stocks,Agreement,Positive,+0.800,Direct positive impact on the broader market as it ended higher.,+0.350,"A rise in Wall Street driven by strong performance in a major stock like Nvidia signals positive investor sentiment and may reflect optimism about broader economic or technological trends, such as AI adoption, which can have a ripple effect across the market.",0.6319378390908241
,AI Investment Boom Confirmation,2023-05-24,Bloomberg,Nvidia’s Rosy Forecast Shows Chipmaker Benefiting From AI Boom,Agreement,Positive,+0.650,Positive forecast suggests growth in the tech sector.,+0.150,"While the headline focuses on a single company, a strong forecast from a major tech player like Nvidia—especially in a high-growth area like AI—can signal broader optimism about the tech sector and innovation trends, which may positively influence investor sentiment toward the overall market. However, the impact is limited to sector-specific enthusiasm rather than a broad macroeconomic signal.",0.938932528719306
,AI Investment Boom Confirmation,2023-05-30,Bloomberg,Nvidia CEO Gets Rock Star Reception in Taiwan With AI Stock Surge,Agreement,Positive,+0.200,Positive sentiment but less direct market impact.,+0.125,"While the headline primarily highlights a positive development for Nvidia, a strong performance in a major tech stock can have a positive spillover effect on the broader market, especially if it reflects growing optimism about AI and tech-sector momentum. However, the impact is likely limited to a single stock and not a broad macroeconomic signal.",0.7498416490852833
,AI Investment Boom Confirmation,2023-05-25,Reuters,Chip giant Nvidia nears trillion-dollar status on AI bet,Agreement,Positive,+0.750,Significant valuation milestone boosts investor confidence.,+0.250,"Strong performance by a major tech company signals investor confidence in the AI sector and broader technology trends, which can positively influence market sentiment. However, the impact is more sector-specific than broad-market, limiting the overall effect.",-0.7026368528604507
,AI Investment Boom Confirmation,2023-05-25,CNBC,Nvidia's blowout earnings lift AMD while other chipmakers such as Intel fall,Agreement,Positive,+0.100,Mixed impact with gains in some areas and losses in others.,+0.050,"While the headline focuses on individual stock movements within the semiconductor sector, the positive performance of a major tech company like Nvidia could have a spillover effect on investor sentiment toward the broader tech-heavy market. However, the divergence in sector performance limits the overall positive impact on the S&P 500. The broad market may see a slight uplift due to optimism around AI and tech demand, but the mixed sector performance prevents a stronger positive score.",-0.8578062914311886
,AI Investment Boom Confirmation,2023-05-30,Bloomberg,Being Broad-Minded Pays Off in Narrow Markets,Agreement,Positive,0.000,Vague headline with no clear directional signal.,+0.125,"The headline suggests that a diversified or broad-minded investment approach is beneficial, even in markets dominated by a narrow group of stocks. This could encourage investors to consider broader market participation, potentially supporting the S&P 500 as a whole. However, the headline is somewhat abstract and lacks specific macroeconomic or event-driven signals, limiting its strong positive or negative impact.",-0.016980234533548355
,AI Investment Boom Confirmation,2023-05-30,Bloomberg,Nvidia Touches $1 Trillion Mark After Beating Rivals to AI,Agreement,Positive,+0.800,Achieving a major milestone is highly positive for the market.,+0.150,"While the headline highlights a major milestone for a single company, it signals strong momentum in the AI sector and reflects positive investor sentiment toward innovation and growth. However, since it primarily affects a single stock rather than the broader market, its impact on the S&P 500 is limited to a modest positive sentiment.",0.8042325749993324
,AI Investment Boom Confirmation,2023-05-24,CNBC,Nvidia shares spike 26% on huge forecast beat driven by A.I. chip demand,Agreement,Positive,+0.850,Massive stock spike indicates strong positive sentiment.,+0.150,"Strong earnings and revenue growth from a major tech company signal positive momentum in the AI sector, which can boost investor sentiment and have a spillover effect on the broader market, especially in growth-oriented indices like the S&P 500. However, the impact is more sector-specific than systemic.",0.9067992195487022
,AI Investment Boom Confirmation,2023-05-30,The Guardian,Nvidia: chipmaker’s strategic AI moves result in a tech position of power,Agreement,Positive,+0.700,Strengthening position in tech is positive for the sector.,+0.150,"Positive developments in a major tech company like Nvidia, particularly in a high-growth area like AI, can boost investor sentiment toward the broader tech sector, which has a significant weight in the S&P 500. While the headline is company-specific, strong positioning in AI may signal broader industry momentum, indirectly supporting market optimism.",0.9384023621678352
,AI Investment Boom Confirmation,2023-05-30,BBC,Nvidia: The chip maker that became an AI superpower,Agreement,Positive,+0.700,Dominance in AI suggests positive market impact.,+0.150,"While the headline focuses on a single company, Nvidia's transformation into an AI leader signals strong growth in a high-demand sector, which can positively influence broader market sentiment, especially in tech-driven indices like the S&P 500. However, the impact is limited to sector-specific enthusiasm rather than a broad macroeconomic signal.",0.03650600090622902
,AI Investment Boom Confirmation,2023-05-25,CNBC,Two of the world's most critical chip firms rally after Nvidia's 26% share price surge,Agreement,Positive,+0.750,Broader rally in critical firms indicates positive market impact.,+0.350,"A significant rise in a major tech stock like Nvidia, along with positive momentum in other critical chip firms, signals strong demand in the semiconductor sector and broader tech industry. This can boost investor sentiment toward the S&P 500, which has a large technology weighting, though the impact is sector-specific rather than universally broad.",-0.20341363549232483
,The Federal Reserve Signals an End to Rate Hikes,2023-12-14,The Guardian,Wall Street closes at fresh record high as Fed signals rate cuts,Agreement,Positive,+0.850,"Rate cuts signal support for economic growth, boosting stocks.",+0.675,"A record high for the market indicates strong investor confidence, and the Fed signaling rate cuts typically boosts equity valuations by reducing discount rates and stimulating economic growth expectations. Both factors are positively received by the broad market.",0.2755943536758423
,The Federal Reserve Signals an End to Rate Hikes,2023-12-13,BBC,Federal Reserve signals interest rate cuts next year,Agreement,Positive,+0.750,Future rate cuts indicate a supportive monetary policy stance.,+0.625,"Signals of future interest rate cuts typically boost market sentiment by suggesting economic softness or a deliberate effort to stimulate growth, which can improve corporate earnings expectations and reduce borrowing costs for businesses and consumers.",0.07150804996490479
,The Federal Reserve Signals an End to Rate Hikes,2023-12-13,CNN,Dow surges to new record as Fed signals three rate cuts in 2024 | CNN Business,Agreement,Positive,+0.890,Significant rate cuts signal strong support for the market.,+0.680,"The headline suggests a dovish shift from the Federal Reserve, with rate cuts typically seen as supportive for equities by lowering borrowing costs and boosting corporate earnings. A rising Dow also signals improved investor sentiment, which is likely to have a positive short-term effect on the broader market.",0.5089309364557266
,The Federal Reserve Signals an End to Rate Hikes,2023-12-13,Reuters,"With rate hikes likely done, Fed turns to timing of cuts",Agreement,Positive,+0.680,Shift from tightening to easing is positive for stocks.,+0.450,"The headline suggests that the Federal Reserve has likely completed its cycle of interest rate hikes, which is generally positive for the market as it signals a potential shift toward easing monetary policy. The mention of ""timing of cuts"" implies future rate reductions may be on the horizon, which can boost investor sentiment and support equity valuations, particularly in growth-oriented sectors.",0.09355350583791733
,The Federal Reserve Signals an End to Rate Hikes,2023-12-13,CNBC,"Fed holds rates steady, indicates three cuts coming in 2024",Agreement,Positive,+0.720,Planned future cuts are supportive despite steady rates now.,+0.625,"The indication of future rate cuts typically signals a more accommodative monetary policy, which can boost market sentiment by lowering borrowing costs and supporting economic growth expectations. While the immediate rate hold is neutral, the forward guidance toward three cuts is generally positive for equities.",-0.11864599585533142
,The Federal Reserve Signals an End to Rate Hikes,2023-12-15,Bloomberg,Nasdaq 100 Hits First Record in Two Years With Rate Cuts in Play,Agreement,Positive,+0.850,Nasdaq record indicates strong market optimism.,+0.575,"A record high for the Nasdaq 100 signals strong investor confidence and tech sector momentum, which often drives broader market sentiment. The mention of rate cuts in play suggests the possibility of lower borrowing costs and easier monetary policy, which typically supports equity valuations and fuels optimism in the broader market.",0.7190258577466011
,The Federal Reserve Signals an End to Rate Hikes,2023-12-13,Reuters,Apple reaches record high close as Fed signals rate cuts,Agreement,Positive,+0.620,"Positive for a major market component, though less broad.",+0.450,"A major tech stock hitting a record high, combined with the Federal Reserve signaling potential rate cuts, suggests improved market sentiment and expectations of easier monetary policy, both of which are generally positive for the broader equity market.",0.1096983551979065
,The Federal Reserve Signals an End to Rate Hikes,2023-12-13,Reuters,Dollar drops as Fed signals coming rate cuts,Agreement,Positive,+0.450,Weaker dollar boosts exports and corporate earnings.,+0.450,"Signals of upcoming Federal Reserve rate cuts typically boost equity markets by lowering borrowing costs, supporting corporate earnings, and encouraging risk-on investor behavior, which tends to favor stocks over the dollar.",-0.7589881829917431
,The Federal Reserve Signals an End to Rate Hikes,2023-12-14,Reuters,"Investors cheer Fed's dovish pivot, as focus shifts to 2024 risks",Agreement,Positive,+0.510,"Dovish pivot is positive, though risks temper enthusiasm.",+0.480,"A dovish pivot from the Fed typically signals a potential pause or reduction in rate hikes, which is generally positive for equity markets by reducing borrowing costs and improving corporate valuations. While the mention of 2024 risks introduces some caution, the immediate market reaction to easing expectations is supportive.",0.05146332085132599
,The Federal Reserve Signals an End to Rate Hikes,2023-12-13,Bloomberg,S&P 500 Extends Gain to 1% After Powell’s Remarks: Markets Wrap,Agreement,Positive,+0.680,Significant gain indicates strong positive reaction.,+0.350,"The headline indicates that the S&P 500 rose following comments from Federal Reserve Chair Jerome Powell, suggesting that his remarks were interpreted as supportive or at least not overly hawkish. This would likely boost investor sentiment in the short term, though the score is moderate since the headline does not specify the nature of the remarks or whether they signal a long-term shift in policy.",0.14559566974639893
,The Federal Reserve Signals an End to Rate Hikes,2023-12-13,CNBC,Full recap: Here are Fed Chair Powell's market-moving comments as stocks rally on new rate outlook,Agreement,Positive,+0.580,Rally indicates positive market reaction to comments.,+0.450,"The headline suggests that Fed Chair Powell made comments that shifted the rate outlook in a way that caused stocks to rally, indicating a likely positive or less hawkish stance than expected. This would generally boost investor sentiment and support the broader market in the short term.",-0.02016378566622734
,The Federal Reserve Signals an End to Rate Hikes,2023-12-14,Bloomberg,Stock Bull Run Is Flashing Signs of Exhaustion: Markets Wrap,Agreement,Positive,-0.310,"Suggests rally might be ending, negative sign.",-0.350,"The headline suggests weakening momentum in the market's upward trend, which may signal caution among investors and raise concerns about a potential pullback or correction in the near term. While not a definitive bearish signal, it reflects growing uncertainty and could dampen short-term market sentiment.",-0.5017006993293762
,The Federal Reserve Signals an End to Rate Hikes,2023-12-15,Bloomberg,A $5 Trillion Option Expiry Looms Just as S&P 500 Eyes All-Time High,Agreement,Positive,+0.120,High S&P despite expiry volatility is slightly positive.,-0.150,"Large option expiries can introduce short-term volatility and uncertainty as market participants adjust positions, potentially leading to exaggerated price swings. While not inherently negative, the timing near a key level may prompt caution among investors, slightly dampening sentiment.",0.046008527278900146
,The Federal Reserve Signals an End to Rate Hikes,2023-12-13,Bloomberg,Fed Holds Rates Steady Again and Pivots Toward Cuts in 2024,Agreement,Positive,+0.650,"Pivot towards cuts is positive, though steady rates now.",+0.575,"The Federal Reserve holding rates steady is generally seen as neutral, but the forward guidance signaling a pivot toward rate cuts in 2024 suggests a shift toward accommodative monetary policy. This reduces concerns about tightening and supports market sentiment by implying lower borrowing costs and potential economic stimulus in the near future.",0.116801917552948
,The U.S. Government Announces the CARES Act Stimulus,2020-03-24,CNBC,"Stock market live Tuesday: Dow soars 2,100 points, biggest jump in 80 years, stimulus close",Agreement,Positive,+0.950,Historic Dow surge and stimulus news indicate strong positive market sentiment.,+0.675,"A massive point gain in the Dow, especially one described as the largest in 80 years, signals strong investor optimism and confidence. The mention of ""stimulus close"" implies potential government or monetary policy support, which typically boosts market sentiment and drives broad equity gains.",0.8007700927555561
,The U.S. Government Announces the CARES Act Stimulus,2020-03-24,CNN,The Dow soars on hopes for government aid bill: Live updates | CNN Business,Agreement,Positive,+0.850,Positive sentiment driven by anticipation of government support.,+0.425,"Positive market movement driven by expectations of government aid signals improved economic support, which can boost consumer spending and corporate earnings. This optimism tends to lift investor sentiment and benefit the broader market in the short term.",0.026796825230121613
,The U.S. Government Announces the CARES Act Stimulus,2020-03-24,The Guardian,Stock markets rally after Federal Reserve starts printing money,Agreement,Positive,+0.720,Fed's monetary policy easing boosts market confidence.,+0.625,"The phrase ""printing money"" typically signals aggressive monetary easing, such as quantitative easing or expanded asset purchases, which can increase liquidity, lower interest rates, and boost asset prices. While the term is informal, the implication of Fed action supporting financial markets is generally positive for equities in the short term.",-0.5598396062850952
,The U.S. Government Announces the CARES Act Stimulus,2020-03-27,Bloomberg,Five More Crazy Days on Wall Street Drag Markets Back From Brink,Agreement,Positive,+0.410,Volatility with a positive recovery trend.,-0.150,"The headline implies recent volatility and a near-crisis scenario, which can signal underlying market stress or uncertainty. While the market recovered, the reference to ""crazy days"" and being ""dragged back from the brink"" suggests lingering risks or negative sentiment that could dampen investor confidence in the short term.",-0.7833035178482533
,The U.S. Government Announces the CARES Act Stimulus,2020-03-24,WSJ,Dow Soars More Than 11% In Biggest One-Day Jump Since 1933,Agreement,Positive,+0.960,Historic gain reflects strong market optimism.,+0.875,"A massive single-day gain in the Dow Jones Industrial Average signals strong investor confidence and positive market momentum, which typically lifts the broader market, including the S&P 500, as it reflects optimism about economic recovery or relief from prior downturns.",0.6967132985591888
,The U.S. Government Announces the CARES Act Stimulus,2020-03-25,Yahoo Finance,Stock market news live: Dow posts second straight day of gains for the first time in more than a month,Agreement,Positive,+0.530,Momentum indicated by consecutive gains.,+0.350,"A multi-day rally in a major index like the Dow Jones signals improving investor sentiment and potential stabilization in the broader market, which can encourage further buying and support the S&P 500 in the short term.",0.8828168697655201
,The U.S. Government Announces the CARES Act Stimulus,2020-03-26,CNBC,"Since 1990, here's how Dow, S&P 500 trade in the year after their worst, sudden crashes",Agreement,Positive,0.000,Neutral historical analysis without current impact.,-0.150,"The headline references past market crashes and their aftermath, which may heighten investor anxiety or reinforce bearish sentiment in the short term. While it provides historical context, it could signal current concerns about market stability, potentially leading to cautious behavior or profit-taking.",-0.12538066133856773
,The U.S. Government Announces the CARES Act Stimulus,2020-03-26,Bloomberg,False Bottom or Start of Something Big: On This Rally’s Stamina,Agreement,Positive,+0.120,Cautious optimism about rally continuation.,+0.125,"The headline reflects uncertainty about the market's recent performance but leans slightly bullish by posing the possibility of a sustained rally. This could encourage cautious optimism among investors, though the ambiguity limits its strong positive impact.",-0.051563963294029236
,The U.S. Government Announces the CARES Act Stimulus,2020-03-25,The Guardian,US Senate passes historic $2tn relief package as coronavirus devastates economy,Agreement,Positive,+0.900,Significant government support boosts market.,+0.675,"A large-scale government stimulus package typically boosts market sentiment by signaling strong fiscal support for the economy, which can stabilize consumer spending, business investment, and overall economic activity. While the context of a ""devastated economy"" is negative, the relief package is seen as a positive intervention to mitigate market downturns.",0.5588701665401459
,The U.S. Government Announces the CARES Act Stimulus,2020-03-25,CNBC,Senate passes $2 trillion coronavirus relief bill — House aims for Friday vote,Agreement,Positive,+0.880,Positive news of relief bill passage.,+0.625,"Passing a major relief bill signals government support for the economy during a crisis, which typically boosts investor confidence, supports consumer spending, and stabilizes financial markets. The bipartisan effort and imminent House vote suggest progress toward economic stabilization.",0.5396340787410736
,The U.S. Government Announces the CARES Act Stimulus,2020-03-27,CNBC,Trump signs $2 trillion coronavirus relief bill as the US tries to prevent economic devastation,Agreement,Positive,+0.930,Finalized stimulus provides economic relief.,+0.625,"A large fiscal stimulus package is generally seen as positive for the broad market, as it aims to support consumer spending, business liquidity, and economic stability during a crisis, which can boost investor confidence and market sentiment.",0.5516140311956406
,The U.S. Government Announces the CARES Act Stimulus,2020-03-27,CNN,Trump signs historic $2 trillion stimulus after Congress passes it Friday | CNN Politics,Agreement,Positive,+0.920,Stimulus implementation supports market.,+0.680,"A large stimulus package typically signals increased government spending, which can boost economic growth, consumer spending, and corporate earnings. Such measures often lead to improved investor sentiment and a positive short-term reaction in the broad market, particularly in sectors that benefit from fiscal stimulus.",0.09254180081188679
